{"cameraMode":{"drawMode":0,"name":"Shaded","section":"Shading Mode"},"sceneLighting":true,"audioPlay":false,"sceneViewState":{"m_AlwaysRefresh":false,"showFog":true,"showSkybox":true,"showFlares":true,"showImageEffects":true,"showParticleSystems":true,"showVisualEffectGraphs":true,"m_FxEnabled":true},"in2DMode":false,"pivot":{"x":-5.137941360473633,"y":0.4633333086967468,"z":-2.6576004028320314},"rotation":{"x":-0.018312174826860429,"y":0.6573830842971802,"z":-0.015985293313860894,"w":-0.7531675100326538},"size":6.42625093460083,"orthographic":false}