{"cameraMode":{"drawMode":0,"name":"Shaded","section":"Shading Mode"},"sceneLighting":false,"audioPlay":false,"sceneViewState":{"m_AlwaysRefresh":false,"showFog":true,"showSkybox":false,"showFlares":true,"showImageEffects":true,"showParticleSystems":true,"showVisualEffectGraphs":true,"m_FxEnabled":true},"in2DMode":false,"pivot":{"x":7.475872993469238,"y":0.2750643491744995,"z":-0.22436952590942384},"rotation":{"x":-0.04073791205883026,"y":-0.26880529522895815,"z":0.01137909572571516,"w":-0.9622634649276733},"size":3.840766191482544,"orthographic":false}